{
  "name": "ng-file-upload",
  "main": "ng-file-upload.js",
  "homepage": "https://github.com/danialfarid/ng-file-upload",
  "dependencies": {
    "angular": ">1.2.0"
  },
  "authors": [
    "danialf <danial.farid@gmail.com>"
  ],
  "description": "Lightweight Angular JS directive to upload files. Support drag&drop, paste image, progress and abort",
  "ignore": [],
  "license": "MIT",
  "version": "9.1.1",
  "_release": "9.1.1",
  "_resolution": {
    "type": "version",
    "tag": "9.1.1",
    "commit": "586703565ff83bae668d9a7434ba3a9cbf08c1f1"
  },
  "_source": "git://github.com/danialfarid/angular-file-upload-bower.git",
  "_target": "~9.1.1",
  "_originalSource": "ng-file-upload",
  "_direct": true
}